Question;A;B;C;D;E;Answer;Level
Renata ma 20 kart z liczbą 22 na każdej z nich i 22 karty z liczbą 20. Ile wynosi suma wszystkich cyfr zapisanych na tych kartach?;A) 120;B) 124;C) 128;D) 132;E) 144;B;1
Ile punktów na okręgu o środku w punkcie (0,0) i promieniu 5 ma obie współrzędne całkowite?;A) 5;B) 8;C) 12;D) 16;E) 20;C;2
Widownia boiska jest prostokątem utworzonym z siedzeń ustawionych w regularne rzędy i kolumny. Na ostatnim meczu w każdym rzędzie siedziało 11 kibiców gospodarzy, w każdej kolumnie siedziało 14 kibiców gości i dokładnie 17 miejsc na widowni pozostało wolnych. Co najmniej ile miejsc ma widownia?;A) 500;B) 660;C) 690;D) 840;E) 994;B;3
Ile spośród liczb trzycyfrowych utworzonych jedynie z cyfr 1, 3 i 5 (każdej cyfry można używać wielokrotnie) jest podzielnych przez 3?;A) 3;B) 6;C) 9;D) 18;E) 27;C;1
Na tablicy zapisano liczby 1, 2, 7, 9, 10, 15 i 19. Dwaj gracze usuwają na zmianę po jednej liczbie, aż na tablicy pozostanie tylko jedna liczba. Jaka liczba pozostanie na tablicy, jeśli suma liczb usuniętych przez jednego gracza będzie dwukrotnie większa od sumy liczb usuniętych przez drugiego gracza?;A) 7;B) 9;C) 10;D) 15;E) 19;B;2
Liczby całkowite od 1 do 1000 wypisujemy w pewnej kolejności w rzędzie jedna za drugą i obliczamy wszystkie sumy trzech kolejnych z tych liczb. Co najwyżej ile spośród wszystkich tych sum jest liczbami nieparzystymi?;A) 997;B) 996;C) 995;D) 994;E) 993;A;3
Które z poniższych wyrażeń przy żadnym całkowitym n nie daje liczby podzielnej przez 3?;A) 5n+1;B) n²;C) n(n+1);D) 6n-1;E) n³-2;D;1
Góra lodowa ma kształt sześcianu. Pod wodą znajduje się 90% objętości góry. Nad powierzchnię wody wystaje tylko jeden wierzchołek sześcianu i fragmenty trzech sąsiednich krawędzi długości odpowiednio 24m, 25m i 27m. Jaka jest długość krawędzi tego sześcianu?;A) 30m;B) 33m;C) 34m;D) 35m;E) 39m;A;2
Tomek ma w pudełku 71 kulek. W jednym ruchu wolno mu wyjąć z pudełka dokładnie 30 kulek lub dołożyć do pudełka 18 kulek spośród wcześniej wyjętych. Tomek może powtarzać powyższe operacje tyle razy, ile chce. Jaka jest najmniejsza możliwa liczba kulek w pudełku?;A) 1;B) 3;C) 5;D) 7;E) 11;C;3
Niech N będzie najmniejszą liczbą naturalną o sumie cyfr równej 2019. Jaka jest pierwsza od lewej cyfra liczby N?;A) 2;B) 3;C) 4;D) 5;E) 6;B;1
Ze zbioru wierzchołków pewnego wielokąta wypukłego wybieramy losowo dwa punkty. Prawdopodobieństwo, że wybrane punkty są końcami pewnej przekątnej tego wielokąta, wynosi 0,8. Ile boków ma wielokąt?;A) 8;B) 9;C) 10;D) 11;E) 2019;D;2
Cztery różne proste przechodzące przez początek układu współrzędnych przecinają parabolę y = x² − 2 w ośmiu punktach. Czemu może być równy iloczyn odciętych (tj. współrzędnych „iksowych”) tych ośmiu punktów?;A) Tylko 16;B) Tylko -16.;C) Tylko 8;D) Tylko -8.;E) Iloczyn może przyjmować różne wartości.;A;3
W pudełku jest 65 kul, przy czym 8 z nich jest białych, a pozostałe są czarne. W jednym ruchu możemy wyjąć z pudełka nie więcej niż 5 kul. Kule raz wyjęte z pudełka już do niego nie wracają. Jaką najmniejszą liczbę ruchów trzeba wykonać, aby mieć pewność, że została wyjęta przynajmniej jedna biała kula?;A) 11;B) 12;C) 13;D) 14;E) 15;B;1
Spośród pięciu kart oznaczonych liczbami 3, 4, 5, 6 i 7 Anna wybrała trzy, a Beata dostała pozostałe dwie. Każda z nich obliczyła iloczyn liczb na swoich kartach i okazało się, że suma tych iloczynów jest liczbą pierwszą. Ile wynosi suma liczb na kartach Anny?;A) 12;B) 13;C) 15;D) 17;E) 18;B;2
Czterej bracia A, B, C i D są różnego wzrostu. Oświadczyli oni, co następuje. A powiedział: ,,Nie jestem ani najniższy, ani najwyższy'', B: ,,Nie jestem najniższy'', C: ,,Jestem najwyższy'', a D powiedział: ,,Jestem najniższy''. Który z nich jest najwyższy, jeśli dokładnie jeden z nich skłamał?;A) A;B) B;C) C;D) D;E) Za mało informacji, by to stwierdzić;B;3
Bartek jest zapalonym modelarzem. Jego ulubionym modelem jest model kolejki elektrycznej w skali 1 : 87 zwany przez modelarzy H0. Wykonał do niego wiele dodatkowych figurek, w tym dwucentymetrową figurkę swojego brata, oczywiście wszystkie w skali modelu. Jaki jest rzeczywisty wzrost jego brata?;A) 1,74 m;B) 1,62 m;C) 1,86 m;D) 1,94 m;E) 1,70 m;A;1
Wynalazca Klapaucjusz skonstruował robota obdarzonego sztuczną inteligencją. Niestety w wyniku błędu w programie w każdych trzech kolejnych wypowiadanych przez niego zdaniach jest dokładnie jedno fałszywe. Robot poproszony o podanie własności pewnej liczby dwucyfrowej powiedział w kolejności: „Jedną z jej cyfr jest 2”, „Jest większa niż 50”, „Jest parzysta”, „Jest mniejsza niż 30”, „Jest podzielna przez 3”, „Jedną z jej cyfr jest 7”. Ile jest równa suma cyfr tej liczby?;A) 9;B) 12;C) 13;D) 15;E) 17;D;2
Długości wszystkich boków trójkąta prostokątnego są liczbami naturalnymi. Jaki jest obwód tego trójkąta, jeśli jedna z przyprostokątnych ma długość 29?;A) 290;B) 291;C) 869;D) 870;E) Nie można tego określić;D;3
Kacper i Melchior mają razem 35 lat, Melchior i Baltazar mają razem 36 lat, a Baltazar i Kacper mają razem 37 lat. Ile lat ma najstarszy z nich?;A) 16;B) 17;C) 18;D) 19;E) 20;D;1
Wyspę Laputa zamieszkują wyłącznie Matematycy -- którzy zawsze mówią prawdę, i Krętacze -- którzy zawsze kłamią. W czasie swoich podróży dr Guliwer spotkał 7 mieszkańców tej wyspy siedzących wokół okrągłego stołu. Każdy z nich powiedział: Siedzę pomiędzy dwoma Krętaczami. Ilu Krętaczy siedziało przy tym stole?;A) 3;B) 4;C) 5;D) 5;E) Brak wystarczającej ilości informacji.;B;2
Liczba pierwsza p dzieli sumę wszystkich liczb naturalnych od 1 do n, ale nie dzieli żadnego ze składników tej sumy. Która z następujących liczb może być równa sumie n+p?;A) 217;B) 221;C) 229;D) 245;E) 269;A;3
Piotr dodał do siebie 31 kolejnych liczb naturalnych od 2001 do 2031, a następnie otrzymaną sumę podzielił przez 31. Jaki wynik otrzymał?;A) 2012;B) 2013;C) 2015;D) 2016;E) 2496;D;1
Sprzedawca samochodów nabył dwa samochody, a następnie odsprzedał je swoim klientom. Pierwszy samochód sprzedał za cenę o 40% wyższą od ceny zakupu, a drugi samochód sprzedał za cenę o 60% wyższą od ceny jego zakupu. W sumie za oba samochody zainkasował o 54% więcej, niż wydał na ich zakup. Jaki jest stosunek ceny, za jaką sprzedawca nabył pierwszy samochód, do ceny, za jaką nabył drugi samochód?;A) 10 : 13;B) 20 : 27;C) 3 : 7;D) 7 : 12;E) 2 : 3;C;2
Protazy i Gerwazy – każdy na swój sposób – zamienili litery słowa KANGAROO cyframi, otrzymując ośmiocyfrowe liczby podzielne przez 11. Każdy z nich zastąpił różne litery różnymi cyframi, a takie same litery – równymi cyframi. Gerwazy otrzymał największą możliwą liczbę, a Protazy – najmniejszą. Okazało się, że obaj zastąpili pewną literę tą samą cyfrą. Jaka to cyfra?;A) 0;B) 3;C) 4;D) 5;E) 6;D;3
Kacper, Melchior i Baltazar obchodzą dziś urodziny. Kacper dodał lata, które każdy z nich ukończył i otrzymał liczbę 44. Po pewnym czasie suma ich lat będzie znowu liczbą dwucyfrową o równych cyfrach. Jaka to liczba?;A) 55;B) 66;C) 77;D) 88;E) 99;C;1
Dla jakiego n sześć tygodni to dokładnie 1·2·3·4·…·n sekund?;A) 6;B) 7;C) 8;D) 10;E) 12;D;2
W lasach jednej z wysp Archipelagu Bergamutów żyją trzy rodzaje zwierząt: sarny, wilki i lwy. Wilki zjadają sarny, lwy zjadają zarówno sarny jak i wilki. Gdy wilk zje sarnę, zmienia się w lwa. Gdy lew zje sarnę, zmienia się w wilka, a gdy zje wilka, zmienia się w sarnę. Początkowo na wyspie było 17 saren, 55 wilków i 6 lwów. Jaka jest największa możliwa liczba zwierząt, które mogą pozostać na tej wyspie w sytuacji, gdy żadne zwierzę nie może zjeść innego?;A) 1;B) 6;C) 17;D) 23;E) 35;D;3
Sześciu herosów pojmało 20 łotrów. Pierwszy heros pojmał jednego łotra, drugi dwóch, a trzeci trzech. Czwarty heros pojmał więcej łotrów niż którykolwiek z pozostałych pięciu. Najmniejsza możliwa liczba łotrów pojmanych przez czwartego herosa jest równa;A) 7;B) 6;C) 5;D) 4;E) 3;B;1
Rozważmy prostokąty, których jeden z boków ma długość 5 i które mają tę własność, że można je podzielić na prostokąt i kwadrat, przy czym któraś z tych figur ma pole równe 4. Ile nieprzystających prostokątów ma tę własność?;A) 1;B) 2;C) 3;D) 4;E) 5;D;2
Na wyspach Bergamutach żyją dwa typy mieszkańców: prawdomówni - którzy zawsze mówią prawdę, i kłamcy - którzy zawsze kłamią. Po przybyciu na te wyspy spotkałem dwóch Bergamutan: wysokiego i niskiego. Zapytałem wysokiego, czy obaj są prawdomówni, ale z odpowiedzi nie mogłem wywnioskować, kim oni byli. Wówczas zapytałem niskiego, czy wysoki jest prawdomównym, a gdy odpowiedział, wiedziałem już, do jakiego typu należał każdy z nich. Kim byli napotkani Bergamutanie?;A) Obaj byli prawdomówni.;B) Obaj byli kłamcami.;C) Wysoki był prawdomówny, niski kłamcą.;D) Wysoki był kłamcą, niski prawdomównym.;E) Nie można tego rozstrzygnąć.;D;3
Mój wiek wyraża się liczbą dwucyfrową, która jest potęgą o wykładniku naturalnym liczby 5. Wiek mojego kuzyna wyraża się liczbą dwucyfrową, która jest potęgą o wykładniku naturalnym liczby 2. Łączna suma cyfr dwóch liczb wyrażających mój wiek i wiek mojego kuzyna jest nieparzysta. Ile jest równy iloczyn wszystkich cyfr obu tych liczb?;A) 240;B) 2010;C) 60;D) 50;E) 300;A;1
Biuro podróży zaproponowało grupie turystów zwiedzających Warmię i Mazury cztery opcjonalne oferty dodatkowych atrakcji. Z każdej z tych ofert skorzystało 80% członków grupy. Z wszystkich czterech ofert skorzystało p procent członków grupy. Najmniejszą wartością p, przy której jest to możliwe, jest;A) 80;B) 60;C) 40;D) 20;E) 16;D;2
"Każda z pięciu lamp układu jest w jednym z dwóch stanów: albo ""świeci"", albo ""nie świeci"". Każdorazowe naciśnięcie włącznika dowolnej lampy zmienia stan tej lampy i jeszcze jednej losowo wybranej lampy spośród pozostałych (nie musi to być za każdym razem ta sama lampa). Na początku wszystkie lampy były w stanie ""nie świeci"". Włączniki tego układu lamp naciśnięto dokładnie 10 razy. Wówczas na pewno:";A) Co najmniej jedna lampa świeci;B) Wszystkie lampy świecą.;C) Co najmniej jedna lampa nie świeci.;D) Żadna lampa nie świeci.;E) 3 lampy świecą, a 2 nie świecą.;C;3
Dwaj bracia, Gerwazy i Protazy, udzielili prawdziwych odpowiedzi na pytanie o liczbę członków klubu dyskusyjnego, do którego należą. Gerwazy powiedział: Wszyscy członkowie naszego klubu, oprócz pięciu, są płci męskiej. Protazy powiedział: Wśród dowolnie wybranych sześciu członków naszego klubu są zawsze co najmniej cztery panie. Ilu członków liczy ten klub dyskusyjny?;A) 6;B) 7;C)8;D) 12;E) 18;B;1
48 chłopców wybrało się na wspólną wyprawę narciarską. Sześciu z nich przybyło z dokładnie jednym bratem, dziewięciu z dokładnie dwoma braćmi i czterech z dokładnie trzema braćmi. Pozostali chłopcy przybyli bez rodzeństwa. Z ilu rodzin było tych 48 chłopców?;A) 19;B) 25;C) 31;D) 36;E) 48;D;2
Sześcian o wymiarach 3×3×3 jest zbudowany z 27 identycznych sześcianików o wymiarach 1×1×1. Ile takich sześcianików przecina płaszczyzna prostopadła do przekątnej sześcianu i przechodząca przez jego środek?;A) 15;B) 17;C) 19;D) 21;E) 23;C;3
Mam dwa naczynia w kształcie sześcianu: jedno o polu podstawy 4 dm², drugie o polu podstawy 1 dm². Zamierzam napełnić duże naczynie wodą ze strumienia, używając do tego mniejszego naczynia. Ile co najmniej razy muszę pójść do strumienia, aby napełnić większe naczynie?;A) 2;B) 4;C) 6;D) 8;E) 16;D;1
W torbie są kule: niebieskie, zielone i czerwone. Wiadomo, że jeżeli losowo wyjmiemy z tej torby pięć kul, to na pewno wśród nich będą co najmniej dwie czerwone i co najmniej trzy będą w tym samym kolorze. Ile kul w tej torbie jest koloru niebieskiego?;A) 1;B) 2;C) 3;D) 4;E) Nie można tego stwierdzić bez dodatkowych informacji.;A;2
Do tablicy, na której wypisano liczby od 1 do 10, podchodzili kolejno uczniowie i każdy z nich zmazywał dwie dowolnie wybrane liczby, a na tablicy zapisywał ich sumę pomniejszoną o 1. W pewnym momencie na tablicy pozostała tylko jedna liczba. Liczba ta;A) jest mniejsza niż 11.;B) jest równa 11;C) jest równa 46;D) jest większa niż 46;E) jest równa 45.;C;3
Dany jest wielokąt foremny o 41 kątach. Na ile sposobów można wybrać trzy wierzchołki tego wielokąta, aby utworzyły one trójkąt prostokątny?;A) 41;B) 40·41;C) 2·41;D) 20·41;E) Inna odpowiedź.;E;1
Ambroży i Bonifacy biegają wokół stadionu, każdy ze stałą prędkością. Ambroży, który biegnie szybciej niż Bonifacy, okrąża stadion w czasie 3 minut. Obaj wystartowali jednocześnie, z tego samego punktu i w tym samym kierunku. Po upływie 8 minut Ambroży po raz pierwszy zdublował Bonifacego. W jakim czasie Bonifacy pokonuje jedno okrążenie?;A) 6 min;B) 8 min;C) 4 min 30 s;D) 4 min 48 s;E) 4 min 20 s;D;2
"W konkursie matematycznym uczestniczyło 55 uczniów. Jurorzy sprawdzający zadania stawiali przy każdym poprawnie rozwiązanym zadaniu znak "+", przy każdym niepoprawnie rozwiązanym zadaniu znak "-", a znak "0", gdy uczestnik zadanie pominął. Po zakończeniu konkursu okazało się, że każde dwie prace różnią się liczbą znaków "+" lub liczbą znaków "-". Jaka jest najmniejsza liczba zadań, przy której jest to możliwe?";A) 6;B) 9;C) 10;D) 11;E) 12;B;3
Ile liczb pierwszych p ma tę własność, że p⁴+1 też jest liczbą pierwszą?;A) Żadna.;B) 1;C) 2;D) 3;E) Nieskończenie wiele.;B;1
Dwa okręgi o promieniach 13 i 15 przecinają się w dwóch punktach. Cięciwa łącząca te punkty ma długość 24. Która z poniższych liczb może wyrażać odległość środków tych okręgów przy pewnym ich położeniu?;A) 13;B) 14;C) 15;D) 18;E) 24;B;2
Kasia dostała w prezencie 36 drewnianych kangurków i pomalowała je, używając trzech kolorów: białego, brązowego i czarnego. Niektóre kangurki pomalowała tylko jednym kolorem, inne dwoma, a pozostałe 5 kangurków wszystkimi trzema kolorami. Białej farby użyła do pomalowania 25 kangurków, brązowej do pomalowania 28 kangurków, a czarnej do pomalowania 20 kangurków. Ile kangurków pomalowała tylko jednym kolorem?;A) Żadnego;B) 4;C) 12;D) 31;E) Nie można tego jednoznacznie ustalić.;B;3
Michał na egzaminie testowym odpowiedział poprawnie na 80% pytań, a na pozostałe 5 pytań nie udzielił odpowiedzi. Ile było pytań w teście?;A) 20;B) 25;C) 30;D) 35;E) 40;B;1
Pewna wyspa zamieszkana jest wyłącznie przez kłamców i przez rycerzy. Każdy kłamca zawsze kłamie, każdy rycerz zawsze mówi prawdę. Wyspiarz Abacki, zapytany, kim jest on i kim jest jego sąsiad Babacki, odpowiedział: Przynajmniej jeden z nas jest kłamcą. Które z poniższych zdań jest prawdziwe?;A) Żaden mieszkaniec wyspy nie mógł wypowiedzieć takiego zdania.;B) Obaj sa kłamcami;C) Abacki jest kłamcą, a Babacki jest rycerzem.;D) Obaj sa rycerzami.;E) Abacki jest rycerzem, a Babacki jest kłamcą.;E;2
Andrzej, Mietek i Zbyszek rzucają kolejno kostką do gry. Andrzej wygrywa, jeżeli wyrzuci 1, 2 lub 3. Mietek wygrywa, jeżeli wyrzuci 4 lub 5. Zbyszek wygrywa, jeżeli wyrzuci 6. Najpierw kostką rzuca Andrzej, potem Mietek, potem Zbyszek, potem znowu Andrzej, znowu Mietek, itd. Gra się kończy, gdy któryś z nich wygra. Jakie jest prawdopodobieństwo, że wygra Zbyszek?;A) 1/6;B) 1/8;C) 1/11;D) 1/13;E) 0;D;3
Dwa pociągi równej długości przejeżdżają obok siebie w przeciwnych kierunkach. Pierwszy z nich jedzie z prędkością 100 km/h, drugi z prędkością 120 km/h. Pasażer drugiego pociągu stwierdził, że pierwszy pociąg mijał go przez 6 sekund. Ile sekund mijał drugi pociąg stojącego przy oknie pasażera pierwszego pociągu?;A) 5.;B) 6.;C) 7.;D) 7,2.;E) Nie można tego ustalić;B;1
Reszta z dzielenia liczby 1001 przez pewną liczbę jednocyfrową jest równa 5. Ile wynosi reszta z dzielenia 2006 przez tę samą liczbę jednocyfrową?;A) 2.;B) 3.;C) 4.;D) 5.;E) 6.;A;2
Paweł wybrał jedną liczbę z pewnego ciągu dziesięciu kolejnych liczb naturalnych. Suma pozostałych dziewięciu liczb tego ciągu jest równa 2006. Jaką liczbę wybrał Paweł?;A) 218.;B) 219.;C) 220.;D) 225.;E) 227.;B;3
Na płaszczyźnie dane są punkty P i Q, przy czym |PQ|=5. Ile istnieje na tej płaszczyźnie trójkątów, których jednym z boków jest odcinek PQ i których boki mają długości: 3, 4 i 5?;A) 4;B) 3;C) 2;D) 1;E) nieskończenie wiele;A;1
W trzech pudełkach jest razem 60 kart. Gdyby wszystkie karty z pierwszego pudełka przełożyć do drugiego pudełka, w pudełku tym byłoby dwa razy więcej kart niż w trzecim pudełku. Gdyby zaś wszystkie karty z trzeciego pudełka przełożyć do drugiego pudełka, w pudełku tym byłoby trzy razy więcej kart niż w pierwszym pudełku. Ile kart było w drugim pudełku?;A) 10;B) 15;C) 20;D) 25;E) 30;D;2
Ada co drugi dzień mówi wyłącznie prawdę, w pozostałe dni wyłącznie kłamie. Dziś wypowiedziała dokładnie cztery z pięciu poniższych zdań. Którego z nich nie wypowiedziała?; A)  Liczba moich przyjaciół jest liczbą pierwszą.;B)  Połowa z moich przyjaciół jest płci męskiej.;C)  288 jest podzielne przez 12.;  D)  Zawsze mówię prawdę;E)  Troje z moich przyjaciół jest starszych ode mnie.;C;3
Ile wierzchołków ma wielokąt foremny, w którym suma kątów wewnętrznych jest siedem razy mniejsza niż suma kątów 16-kąta foremnego?;A) 3;B) 4;C) 6;D) 7;E) 10;B;1
Ile istnieje kwadratów na płaszczyźnie Oxy, których jednym z wierzchołków jest punkt A(-1,-1) i których osią symetrii jest przynajmniej jedna z osi układu współrzędnych?;A) 2;B) 3;C) 4;D) 5;E) 6;D;2
Dany jest ciąg liczbowy składający się z dwustu zer. Przekształcamy ten ciąg w inny ciąg dwustuelementowy w następujący sposób: W pierwszym etapie dodajemy do każdego wyrazu ciągu liczbę 1. W drugim etapie dodajemy do każdego wyrazu o numerze parzystym otrzymanego w pierwszym etapie ciągu liczbę 1. W trzecim etapie dodajemy do każdego wyrazu o numerze podzielnym przez trzy otrzymanego w drugim etapie ciągu liczbę 1, itd. Po 200 etapach otrzymamy ciąg, którego 120. wyraz będzie równy:;A) 16;B) 12;C) 20;D) 24;E) 32;A;3
Ile wyrazów ciągu, którego wyrazami są siódme potegi kolejnych liczb naturalnych, znajduje się między liczbami 5²¹+1 i 2⁴⁹-1?;A) 6;B) 5;C) 4;D) 3;E) 2;E;2
W kole o promieniu 15 obrano punkt P odległy od środks koła o 9. Ile istnieje różnych cięciw przechodzących przez punkt P, których długości wyrażają się liczbami całkowitymi?;A) 1;B) 2;C) 7;D) 12;E) 24;D;3
W pewnym hotelu w ciągu trzech letnich miesięcy zajętych jest średnio 88% pokoi, w pozostałych dziewięciu miesiącach roku zajętych jest średnio 64% pokoi. Ile średnio pokoi jest zajętych w ciągu całego roku?;A) 108%;B) 54%;C) 70%;D) 64%;E) 88%;C;1
Na płaszczyźnie dany jest zbiór A składający się z dziesięciu punktów. Dokładnie pięć z nich leży na pewnej prostej i żadna inna prosta nie zawiera więcej niż dwa spośród tych dziesięciu punktów. Ile można utworzyć trójkątów o wierzchołkach należących do zbioru A?;A) 20;B) 50;C) 70;D) 100;E) 110;E;2
Ile istnieje nieprzystających trójkątów utworzonych przez wierzchołki ośmiokąta foremnego?;A) 2;B) 5;C) 6;D) 8;E) 10;D;3
W turnieju piłki nożnej wzięły udział drużyny A, B, C i D. W każdym meczu drużyna zwycięska otrzymuje 3 punkty, przegrana 0 punktów, za remis obie drużyny otrzymują po jednym punkcie. Każda drużyna rozegrała z każdą inną dokładnie jeden mecz. Wyniki końcowe były następujące: drużyna A zdobyła 7 punktów, B - 4 punkty, C - 3 punkty, D - 3 punkty. Jak zakończył się mecz pomiędzy drużynami A i D?;A) Drużyna A wygrała;B) Remisem;C) Drużyna D wygrała;D) To zależy od wyniku meczu A przeciw B;E) To zależy od wyniku meczu A przeciw C;A;2
Wujek Antoni złowił pewną liczbę ryb. Trzy największe spośród nich dał cioci Halinie, w wyniku czego waga złowionych ryb zmalała o 35%. Następnie trzy najmniejsze ryby dał sąsiadowi, zmniejszając wagę pozostałych ryb o 5/13. Ile ryb złowił wujek Antoni?;A) 8;B) 9;C) 10;D) 11;E) 12;C;3
Statek kosmiczny leci z Ziemi do odległej o 2²⁰ km planety X. Gdy statek przebył 1/4 drogi, utracił kontakt radiowy z Ziemią. Kontakt ten odzyskał w odległości 2¹⁹ km od Ziemi. Ile kilometrów leciał bez kontaktu radiowego?;A) 2⁸;B) 2⁹;C) 2¹⁰;D) 2¹⁸;E) 2¹⁹;D;1
Bartosz powinien pomnożyć dwie dwucyfrowe liczby naturalne. Niestety, pomylił się i przemnożył pierwszą z nich przez liczbę powstałą przez zamianę kolejności cyfr liczby drugiej. Otrzymany wynik był o 3816 większy od właściwego. Jaki powinien być właściwy wynik?;A) 7632;B) 5724;C) 4823;D) 1908;E) 1007;E;2
Jeżeli p(n) oznacza iloczyn cyfr liczby naturalnej n, to p(1)+p(2)+p(3)+...+p(100) jest równe;A) 1560;B) 1700;C) 2050;D) 2070;E) 5050;D;3
Kurs dolara w trzech kantorach wymiany walut był wczoraj rano taki sam. Następnie w pierwszym z nich kurs ten wzrósł przed południem o 1%, a po południu zmalał o 1%. W drugim przed południem kurs zmalał o 1%, a po południu wzrósł o 1%. W trzecim kantorze kurs nie ulegał zmianom. W którym z tych kantorów kurs dolara był pod koniec wczorajszego dnia najwyższy?;A) We wszystkich trzech był taki sam.;B) W pierwszym.;C) W drugim.;D) W trzecim.;E) W pierwszym i drugim.;D;1
Dwa różne wielomiany f(x)=x²+ax+b i g(x)=x²+cx+d spełniają warunek f(19)+f(98)=g(19)+g(98). Ile rozwiązań ma równanie f(x)=g(x)?;A) 0;B) 1;C) 2;D) 3;E) nieskończenie wiele;B;1
Dziadek ma więcej niż 50, ale mniej niż 70 lat. Każdy z jego synów (dziadek nie ma córek) ma tyle samo synów ilu braci. Suma liczby synów i liczby wnuków jest równa wiekowi dziadka. Ile lat ma dziadek i ilu ma on wnuków?;A) 56 oraz 28;B) 64 oraz 56;C) 64 oraz 48;D) 68 oraz 32;E) inne liczby;B;2
Jeżeli długość pewnej środkowej w trójkącie jest równa promieniowi okręgu opisanego na tym trójkącie, to ten trójkąt jest;A) ostrokątny;B) rozwartokątny;C) prostokątny;D) ostrokątny lub prostokątny;E) rozwartokątny lub prostokątny.;E;3
Liczba jest mniejsza od swojej połowy i większa od swojej dwukrotności. Suma tej liczby i jej kwadratu jest równa zero. Co to za liczba?;A) -2;B) -1;C) 0;D) 1;E) 2;B;1
W pewnej rodzinie jest dokładnie sześciu braci, których wiek w latach tworzy ciąg kolejnych liczb naturalnych. Każdemu z braci zadano pytanie: ,,Ile lat ma najstarszy z twoich braci?'' Wszyscy udzielili prawidłowych odpowiedzi. Która z poniższych liczb nie może być sumą liczb ze wszystkich odpowiedzi?;A) 95;B) 125;C) 167;D) 205;E) 233;D;2
Litewski książę Jagiełło, po przybyciu w 1386 r. do Krakowa, rozdzielił pomiędzy towarzyszącą mu świtę 200 złotych monet i 600 srebrnych. Każdy rycerz otrzymał 5 złotych monet i 10 srebrnych. Każdy giermek otrzymał 3 złote monety i 8 srebrnych monet. Każdy paź otrzymał 1 złotą monetę i 6 srebrnych. Ile osób zostało obdarowanych?;A) 50;B) 60;C) 72;D) 80;E) 90;D;3
Po pierwszej połowie meczu piłki ręcznej drużyna gości prowadziła wynikiem 9:14. W drugiej połowie gospodarze zdobyli 2 razy więcej bramek niż goście i ostatecznie wygrali mecz z przewagą jednej bramki. Jaki był końcowy wynik tego meczu?;A) 20:19;B) 21:20;C) 22:21;D) 23:22;E) 24:23;B;1
Gdy podzielimy z resztą liczbę 2021 przez którąkolwiek z liczb 6, 7, 8, 9, to otrzymamy resztę równą 5. Ile jest liczb całkowitych dodatnich mniejszych od 2021 o tej własności?;A) 4;B) 3;C) 2;D) 1;E) 0;A;2
Krystyna ma osiem monet, których wagi w gramach są różnymi liczbami całkowitymi. Gdy Krystyna położy na lewej szalce wagi dowolne dwie monety, a na prawej szalce dowolne inne dwie monety, to zawsze cięższą stroną jest ta, na której leży najcięższa z tych czterech monet. Co najmniej ile gramów waży najcięższa z tych ośmiu monet?;A) 8;B) 12;C) 33;D) 128;E) 256;C;3
Kim jest dla Kasi mama córki Kasi babci?;A) Siostrą Kasi.;B) Siostrzenicą Kasi.;C) Mamą Kasi.;D) Ciocią Kasi.;E) Babcią Kasi.;E;1
Jeżeli 17x+51y=102, to 9x+27y=;A) 54;B) 36;C) 34;D) 18;E) 12;A;2
Każda z ośmiu kolejnych trzycyfrowych liczb naturalnych dzieli się przez swoją cyfrę jedności. Ile wynosi suma cyfr najmniejszej z tych ośmiu liczb?;A) 10;B) 11;C) 12;D) 13;E) 14;D;3
Waga każdego z trzech kangurów wyraża się całkowitą liczbą kilogramów, przy czym liczby te są parami różne. Łącznie kangury te ważą 97 kilogramów. Co najwyżej ile waży najlżejszy z nich?;A) 1 kg;B) 30 kg;C) 31 kg;D) 32 kg;E) 33 kg;C;1
60 jabłek i 60 gruszek mamy włożyć do skrzynek w taki sposób, że w każdej skrzynce będzie ta sama liczba jabłek i w żadnych dwóch skrzynkach nie będzie tej samej liczby gruszek. Ile jest równa możliwie największa liczba skrzynek, w których możemy rozmieścić te owoce w opisany sposób?;A) 20;B) 15;C) 12;D) 10;E) 6;D;2
W wierzchołki kwadratu wpisujemy liczby naturalne w taki sposób, że jedna z dwóch liczb wpisanych w końce dowolnego boku kwadratu dzieli drugą, żadna zaś z dwóch liczb wpisanych w końce przekątnych tego kwadratu nie dzieli drugiej. Ile wynosi możliwie najmniejsza suma czterech liczb wpisanych w wierzchołki w taki sposób?;A) 12;B) 24;C) 30;D) 35;E) 60;D;3
W pewnej rodzinie każde dziecko ma przynajmniej dwóch braci i przynajmniej jedną siostrę. Co najmniej ile dzieci jest w tej rodzinie?;A) 3;B) 4;C) 5;D) 6;E) 7;C;1
Zosia chciała kupić wymarzoną książkę, ale nie miała żadnych pieniędzy. Zrealizowała swoje marzenie z pomocą ojca i swoich dwóch braci, którzy dali jej kwotę potrzebną na zakup. Ojciec dał jej połowę kwoty, którą dostała od swoich braci. Starszy brat dał jej jedną trzecią kwoty, którą dostała od ojca i młodszego brata. Od młodszego brata otrzymała 10 złotych. Ile złotych kosztowała ta książka?;A) 24 zł;B) 26 zł;C) 28 zł;D) 30 zł;E) 32 zł;A;2
Pewnego dnia każdy z 40 pociągów wykonuje jeden kurs pomiędzy pewnymi dwoma miastami spośród pięciu miast M, N, O, P i R. Dziesięć z tych pociągów wykonuje kurs do M albo z M. Dziesięć z tych pociągów wykonuje kurs do N albo z N. Dziesięć z tych pociągów wykonuje kurs do O albo z O. Dziesięć z tych pociągów wykonuje kurs do P albo z P. Ile pociągów wykonuje kurs do R albo z R?;A) 0;B) 10;C) 20;D) 30;E) 40;E;3
Dziewczęta trzymając się za ręce tańczą w kręgu. Alicja jest piąta na lewo od Beaty i ósma na prawo od niej. Ile dziewcząt tańczy w tym kręgu?;A) 11;B) 12;C) 13;D) 14;E) 15;C;1
W czasie wakacji padało 7 razy, zawsze albo rano, albo po południu. Jeśli padało rano, to po południu nie padało. Jeśli padało po południu, to tego dnia rano nie padało. W czasie wakacji było 5 bezdeszczowych poranków i 6 bezdeszczowych popołudni. Co najmniej ile dni trwały te wakacje?;A) 7;B) 8;C) 9;D) 10;E) 11;C;2
Trzydzieści tancerek ustawiło się w kręgu twarzami skierowanymi do jego środka. Na hasło „Zwrot!” niektóre z tancerek obróciły się w lewo, a wszystkie pozostałe w prawo. Tancerki, które stanęły twarzą w twarz, powiedziały „Cześć”. Okazało się, że takich tancerek było 10. Następnie na hasło „Półobrót!” wszystkie tancerki wykonały pół obrotu i znów te, które stanęły twarzą w twarz, powiedziały „Cześć”. Ile tancerek powiedziało „Cześć” tym razem?;A) 10;B) 20;C) 8;D) 15;E) Nie można tego ustalić.;A;3
Na ścianach sześciennej kostki widnieją liczby: -1, -3, -5, 2, 4 i 6, po jednej na każdej ścianie. Suma liczb wyrzuconych przy jednoczesnym rzucie dwiema takimi kostkami nie może być równa;A) 3;B) 4;C) 5;D) 7;E) 8;D;1
Liczby 1, 2, 4, 8, 16, 32, 64, 128 zapisano na 8 kartkach, po jednej na kartce. Alicja wzięła kilka z tych kartek. Pozostałe zabrała Beata. Okazało się, że suma liczb na kartkach zabranych przez Alicję jest o 31 większa od sumy liczb na kartkach Beaty. Ile kartek wzięła Alicja?;A) 2;B) 3;C) 4;D) 5;E) 6;D;2
Wokół okrągłego stołu usiadły cztery osoby, z których każda uprawia jedną i tylko jedną dyscyplinę sportową: jeździectwo, kolarstwo, łyżwiarstwo, narciarstwo. Osoba jeżdżąca konno siedzi obok Anety po jej lewej stronie. Osoba jeżdżąca na rowerze siedzi naprzeciw Bogdana. Ewa i Filip siedzą obok siebie. Obok osoby jeżdżącej na łyżwach po jej lewej stronie siedzi kobieta. Jaką dyscyplinę sportową uprawia Ewa?;A) Kolarstwo.;B) Jeździectwo.;C) Łyżwiarstwo.;D) Narciarstwo;E) Nie można tego ustalić;A;3
W klasie jest 33 uczniów. Każdy z nich lubi informatykę lub wychowanie fizyczne. Trzech uczniów lubi oba te przedmioty. Liczba uczniów lubiących tylko informatykę jest dwa razy większa od liczby uczniów lubiących tylko wychowanie fizyczne. Ilu uczniów tej klasy lubi informatykę?;A) 15;B) 18;C) 20;D) 22;E) 23;E;1
Każdy mieszkaniec planety X ma przynajmniej 2 czułki. Trzech mieszkańców tej planety o imionach: Imi, Dimi i Trimi spotkało się w kraterze. Imi powiedział: „Widzę 8 czułków”, Dimi: „Widzę 7 czułków”, a Trimi: „Widzę tylko 5 czułków”. Żaden z nich nie mógł widzieć swoich czułków. Ile czułków ma Trimi?;A) 2;B) 4;C) 5;D) 6;E) 7;C;2
Rowerzysta przejechał ze stałą prędkością dystans 84 km. W ciągu godziny jazdy pokonywał dystans o 2km dłuższy od zaplanowanego, co skróciło planowany czas całego przejazdu o 1 godzinę. Z jaką prędkością jechał rowerzysta?;A) 28 km/h;B) 21 km/h;C) 16 km/h;D) 14 km/h;E) 12 km/h;D;3
Na płaszczyźnie z układem współrzędnych Tomek narysował kwadrat. Jedna z jego przekątnych ma końce w punktach o współrzędnych (-1,0) i (5,0). Jeden z dwóch pozostałych wierzchołków kwadratu ma współrzędne;A) (2,0).;B) (2,3).;C) (2,-6).;D) (3,5).;E) (3,-1).;B;1
Piechur przeszedł dystans 8 km ze stałą prędkością 4 km/h. Teraz postanowił podwoić prędkość swojego marszu. Jak długo będzie musiał iść z tą prędkością, aby średnia prędkość całego marszu była równa 5 km/h?;A) 115 min;B) 20 min;C) 30 min;D) 35 min;E) 40 min;E;2
Każda żaba żyjąca na wyspie jest albo zielona, albo niebieska. Po pewnym czasie liczba zielonych żab zmniejszyła się o 60%, a liczba niebieskich żab wzrosła o 60%. Wtedy okazało się, że stosunek liczby żab niebieskich do liczby żab zielonych jest równy początkowemu stosunkowi liczby żab zielonych do liczby żab niebieskich. O ile procent zmieniła się liczba żab na wyspie?;A) 0;B) 20;C) 30;D) 40;E) 50;B;3
Różnica między największą liczbą trzycyfrową podzielną przez 4 i najmniejszą liczbą trzycyfrową podzielną przez 4 jest równa;A) 900;B) 899;C) 896;D) 225;E) 224;C;1
Suma wszystkich cyfr pewnej liczby sześciocyfrowej jest parzysta, a iloczyn wszystkich jej cyfr jest nieparzysty. Które ze zdań wypowiedzianych o tej liczbie jest prawdziwe?;A) Dokładnie dwie albo dokładnie cztery cyfry tej liczby są parzyste.;B) Taka liczba nie istnieje.;C) Liczba cyfr nieparzystych tej liczby jest nieparzysta.;D) Cyfry tej liczby są parami różne.;E) Żadne z wcześniejszych zdań nie jest prawdziwe.;E;2
Z miejscowości wyruszają co godzinę samochody i jadą tą samą drogą ze stałymi prędkościami. Pierwszy jedzie z prędkością 50 km/h, a każdy następny z prędkością o 1 km/h większą od poprzedniego. Ostatni z nich wyruszył 50 godzin po pierwszym i jedzie z prędkością 100 km/h. Jaka jest prędkość samochodu jadącego na czele kawalkady tych aut po 100 godzinach od momentu startu pierwszego samochodu?;A) 50 km/h;B) 66 km/h;C) 75 km/h;D) 84 km/h;E) 100 km/h;C;3
Jaki jest obwód trójkąta, którego wierzchołkami są środki boków trójkąta prostokątnego o przyprostokątnych długości 6 cm i 8 cm?;A) 10cm;B) 12cm;C) 15cm;D) 20cm;E) 24cm;B;1
Gdy Lolek stoi na stole, to jest o 80 cm wyższy od Bolka stojącego na podłodze. Jeśli Bolek stanie na tym samym stole, a Lolek na podłodze, to Bolek będzie wyższy od Lolka o 1 m. Jaką wysokość ma stół?;A) 60 cm;B) 80cm;C) 90 cm;D) 100 cm;E) 120 cm;C;2
Żaden z czterech zegarów wiszących w pokoju Marka nie wskazuje poprawnie czasu - każdy z nich albo spieszy się, albo spóźnia się. Czas pokazywany przez pierwszy zegar różni się od czasu właściwego o 2 minuty, przez drugi o 3 minuty, przez trzeci o 4 minuty, a przez czwarty o 5 minut. Pewnego razu Marek, chcąc dowiedzieć się, która jest godzina, odczytał wskazania swoich zegarów: jeden z nich wskazywał za 6 minut trzecią, jeden za 3 minuty trzecią, jeden 2 minuty po trzeciej, jeden 3 minuty po trzeciej. Która była wtedy godzina?;A) 3:00;B) 2:57;C) 2:58;D) 2:59;E) 3:01;D;3
Suma długości trzech boków pewnego prostokąta jest równa 20 cm, a suma długości trzech innych boków tego prostokąta jest równa 22 cm. Ile jest równy obwód tego prostokąta?;A) 24 cm;B) 26 cm;C) 28 cm;D) 32 cm;E) 48 cm;C;1
W pewnym miesiącu było: 5 poniedziałków, 5 wtorków i 5 śród, a w miesiącu bezpośrednio go poprzedzającym były tylko 4 niedziele. Które ze zdań jest prawdziwe?;A) W następującym bezpośrednio po nim miesiącu będą dokładnie 4 piątki.;B) W następującym bezpośrednio po nim miesiącu będą dokładnie 4 soboty.;C) W następującym bezpośrednio po nim miesiącu będzie 5 niedziel.;D) W następującym bezpośrednio po nim miesiącu będzie 5 śród.;E) Opisana w zadaniu sytuacja jest niemożliwa;B;2
Spośród krawędzi sześcianu wybieramy takie cztery krawędzie, że żadne dwie z nich nie mają wspólnych wierzchołków. Ile jest takich czwórek?;A) 6;B) 8;C) 9;D) 12;E) 18;C;3
Wczoraj na lekcji matematyki nauczyciel powiedział, że jest to dzień jego urodzin i że iloczyn liczby lat, jakie ukończył i liczby lat, jakie ma jego ojciec, jest równy 2010. W którym roku urodził się nauczyciel?;A) 1943;B) 1953;C) 1980;D) 1981;E) 1995;C;1
Ile jest liczb o sumie wszystkich swoich cyfr w zapisie dziesiętnym równej 2010 i iloczynie tych cyfr równym 2?;A) 2010;B) 2009;C) 2008;D) 1005;E) 1004;B;2
Ile liczb trzycyfrowych ma tę własność, że środkowa cyfra jest średnią arytmetyczną dwóch cyfr pozostałych?;A) 50;B) 25;C) 29;D) 41;E) 45;E;3
Magda napisała ciąg liczb, w którym każda liczba, począwszy od trzeciej, była sumą dwóch liczb ją poprzedzających. Czwartą liczbą w tym ciągu była liczba 6, a szóstą 15. Ile była równa siódma liczba w tym ciągu?;A) 9;B) 16;C) 21;D) 22;E) 24;E;1
Na kartce napisano w jednej linii kilka różnych liczb całkowitych dodatnich nie większych niż 10. Oglądając tę kartkę, Mirek stwierdził ze zdumieniem, że w każdej parze sąsiednich liczb jedna z nich dzieli drugą. Ile co najwyżej liczb mogło być napisanych na tej kartce?;A) 6;B) 7;C) 8;D) 9;E) 10;D;2
Na płaszczyźnie wprowadzono układ współrzędnych. W początku układu współrzędnych siedzi kangur, który może wykonywać tylko skoki długości 1, przy czym każdy skok jest równoległy do którejś z osi układu. Ile jest punktów płaszczyzny, w których może znaleźć się kangur po wykonaniu dziesięciu skoków?;A) 121;B) 100;C) 400;D) 441;E) Inna liczba.;A;3
Jaka jest najmniejsza liczba liter, które należy usunąć ze słowa KANGOUROU, aby otrzymać słowo, w którym litery się nie powtarzają i stoją w kolejności alfabetycznej?;A) 1;B) 2;C) 3;D) 4;E) 5;D;1
W pudełku jest siedem kart, a na tych kartach są napisane liczby od 1 do 7, każda liczba na innej karcie. Pierwszy Mędrzec wybiera losowo trzy karty z pudełka, a Drugi Mędrzec z pozostałych wybiera losowo dwie. Pierwszy Mędrzec mówi do Drugiego: Wiem, że suma liczb na twoich kartach jest parzysta. Ile jest równa suma liczb na kartach Pierwszego Mędrca?;A) 10;B) 12;C) 6;D) 9;E) 15;B;2
Ile jest liczb 2008-cyfrowych, których każde dwie kolejne cyfry tworzą liczbę podzielną przez 17 lub przez 23?;A) 5;B) 6;C) 7;D) 9;E) Więcej niż 9.;D;3
W trójkącie ABC punkt D jest środkiem boku AB, punkt E środkiem odcinka DB, a F środkiem boku BC. Jeśli pole trójkąta ABC jest równe 96, to pole trójkąta AEF jest równe;A) 16.;B) 24.;C) 32.;D) 36.;E) 48.;D;1
Aby otrzymać liczbę 8⁸, liczbę 4⁴ należy podnieść do potęg;A) 2.;B) 3.;C) 4.;D) 6.;E) 16.;B;2
Wyspę zamieszkują kłamcy i prawdomówni (kłamcy zawsze kłamią, a prawdomówni zawsze mówią prawdę). Pewnego dnia zebrało się 12 wyspiarzy, wśród których byli kłamcy i prawdomówni, i wygłosiło kilka stwierdzeń. Dwóch z nich powiedziało: Dokładnie dwie osoby wśród nas dwunastu to kłamcy. Każda z następnych czterech osób powiedziała: Dokładnie cztery osoby wśród nas dwunastu to kłamcy. Natomiast każda z pozostałych sześciu osób stwierdziła: Dokładnie sześć osób wśród nas dwunastu to kłamcy. Ilu jest kłamców wśród tej dwunastki wyspiarzy?;A) 2;B) 4;C) 6;D) 8;E) 10;C;3
Iloma zerami kończy się dziesiętny zapis iloczynu kolejnych dziesięciu początkowych liczb pierwszych?;A) 0.;B) 1.;C) 2.;D) 3.;E) 4.;B;1
Pudełko czekoladek kosztuje 10 zł. W każdym pudełku znajduje się kupon. Za każde trzy kupony możemy otrzymać dodatkowe pudełko czekoladek gratis. Jaka jest największa liczba pudełek czekoladek, które możemy otrzymać za 150 zł?;A) 15.;B) 17;C) 20.;D) 21.;E) 22.;E;2
Każdą ścianę sześciennej kostki do gry malujemy jednym z dwóch ustalonych kolorów (nie zamalowując oczek). Ile różnych dwukolorowych kostek można w ten sposób otrzymać?;A) 64.;B) 62.;C) 48.;D) 36.;E) 24.;B;3
Mama kangurzyca i jej synek Skoczek poruszają się skokami wokół stadionu o obwodzie 330 m. Każde z nich wykonuje jeden skok w czasie jednej sekundy. Skoki mamy kangurzycy mają długość 5 m, a skoki jej synka tylko 2 m. Oba kangury wystartowały jednocześnie z tego samego miejsca i przemieszczają się w tym samym kierunku. Po upływie 25 sekund Skoczek zmęczył się i zatrzymał, a jego mama kontynuowała bieg. Po jakim czasie, licząc od tego momentu, mama dobiegnie do odpoczywającego Skoczka?;A) 15 sek;B) 24 sek.;C) 51 sek.;D) 66 sek.;E) 76 sek.;C;1
W torbie jest 17 kul ponumerowanych liczbami od 1 do 17. Wyjmujemy losowo kule z torby. Jaka jest najmniejsza liczba kul, które należy wyjąć, aby mieć pewność, że wśród nich będzie przynajmniej jedna para kul, których suma numerów jest równa 18?;A) 7;B) 8;C) 10;D) 11;E) 17;C;2
Rozważamy układy szesnastu różnych dodatnich liczb całkowitych, których średnia arytmetyczna jest równa 16. Największą liczbą, która może wystąpić w takim układzie, jest;A) 16;B) 24;C) 32;D) 136;E) 256;D;3
Liczby rzeczywiste a i b są różnych znaków. Która z poniższych liczb jest największa?;A) |a² - b²|;B) (|a| - |b|)²;C) (a - b)²;D) (a + b)²;E) a²+ b²;C;1
W okrąg wpisany jest 38-kąt foremny. Kolejne wierzchołki tego wielokąta ponumerowano kolejnymi liczbami od 1 do 38. Jeżeli wierzchołek nr 8 jest jednym końcem średnicy tego okręgu, to drugim końcem tej średnicy jest wierzchołek nr:;A) 24;B) 25;C) 26;D) 27;E) 28;D;2
W trójkącie ABC miara kąta przy wierzchołku C jest trzy razy większa od miary kąta przy wierzchołku A, a miara kąta przy wierzchołku B jest dwa razy większa niż miara kąta przy wierzchołku A. Trójkąt ABC jest;A) równoboczny;B) równoramienny;C) rozwartokątny;D) prostokątny;E) ostrokątny;D;1
Gdy baryłka jest w 30% pusta, zawiera o 30 litrów więcej, niż gdy jest w 30% napełniona. Jaka jest pojemność baryłki?;A) 60 litrów;B) 75 litrów;C) 90 litrów;D) 100 litrów;D) 100 litrów;B;2
Ile co najwyżej kolejnych liczb całkowitych może mieć te własność, że suma cyfr każdej z nich nie jest podzielna przez 5?;A) 5;B) 6;C) 7;D) 8;E) 9;D;3
Figura F na płaszczyźnie składa się z 2002 punktów. Prosta l jest osią symetrii tej figury. Dokładnie k spośród punktów figury F należy do prostej l. Której z poniższych wartości nie może przyjmować liczba k?;A) 2002;B) 0;C) 1001;D) 2000;E) 2;C;1
Na płaszczyźnie ustalony jest trójkąt równoboczny ABC. Ile istnieje wewnątrz tego trójkąta takich punktów X, że pola trójkątów ABX, BCX, ACX są równe?;A) 1;B) 2;C) 3;D) 6;E) nieskończenie wiele;A;2
Litery a i b oznaczają takie liczby całkowite, że wykresy funkcji y=2x+b i y=ax+3 przecinają się z osią Ox w tym samym punkcie. Ile różnych wartości może przyjmować wyrażenie a+b?;A) 0;B) 1;C) 2;D) 3;E) 4;E;3
O ile procent obniżono cenę kalkulatora, jeżeli po obniżce 5 takich kalkulatorów kosztuje razem tyle, ile 3 przed obniżką?;A) o 40%;B) o 60%;C) o 166 i 2/3%;D) o 66 i 2/3%;E) o 50%;A;2
Piotr rozwiązuje test składający się z 40 pytań. Za każdą poprawną odpowiedź otrzymuje 0,5 punktu, za każdą zaś błędną odpowiedź traci 1 punkt. Piotr odpowiedział na wszystkie pytania i uzyskał łącznie 2 punkty. Na ile pytań odpowiedział poprawnie?;A) 25;B) 26;C) 27;D) 28;E) 29;D;1
W pokoju znajdowała się pewna liczba osób. Ich średni wiek równy był liczbie osób znajdujących się w pokoju. Gdy do pokoju wszedł 29 letni człowiek, okazało się, że nadal średni wiek był równy liczbie osób w pokoju. Ile osób znajdowało się na początku w pokoju?;A) 14;B) 15;C) 16;D) 17;E) 18;A;2
"Od poniedziałku do środy Marek zawsze kłamie, w pozostałe zaś dni tygodnia mówi prawdę. Pewnego dnia Marek spotkał Marię i powiedział: 1. ""Wczoraj kłamałem."" 2. ""Od pojutrza przez dwa kolejne dni będę kłamał."" W jakim dniu Marek spotkał Marię?";A) w poniedziałek;B) we wtorek;C) w środę;D) w czwartek;E) w piątek;A;3
W pewnej rodzinie jest pięć dziewczynek: Ania, Basia, Celina, Danusia i Ela. Rodziły się one w podanej kolejności co 3 lata. Najstarsza Ania jest 7 razy starsza od najmłodszej Eli. Ile lat ma Celina?;A) 5;B) 7;C) 8;D) 9;E) 15;C;1
Zauważułem że wiek mojej córki pokrywałby się z moim, gdyby w określającej go liczbie cyfry dziesiątek i jedności zamienić rolami. Która z poniższych liczb może wyrażać mój wiek w momencie urodzenia się mojej córki?;A) 24;B) 25;C) 26;D) 27;E) 28;D;2
Automat matematyczny działa na następującej zasadzie: do danej liczby dodaje 1 lub ją podwaja. Do automatu wprowadzono liczbę 0. Ten po wykonaniu pewnej liczby operacji otrzymał liczbę 100. Jaka jest najmniejsza liczba operacji, którą musi wykonać automat, żeby otrzymać taki wynik?;A) 8;B) 9;C) 10;D) 28;E) 43;B;3
Siedmiu grzybiarzy zebrało łącznie 707 grzybów. Okazało się, że każdy zebrał inną ich liczbę, a grzybiarz, który zebrał ich najwięcej, miał o sześć grzybów więcej niż ten, który zebrał ich najmniej. Ile grzybów zebrał rekordzista?;A) 107;B) 105;C) 104;D) 101;E) 98;C;2
W ciemnej piwnicy jest 20 słoików. Wśród nich jest 8 z dżemem truskawkowym, 7 z dżemem malinowym i 5 z dżemem żurawionwym. Ile co najwyżej słoików można zabrać (po ciemku), aby być pewnym, że w piwnicy pozostaną przynajmniej 4 słoiki jednego rodzaju dżemu i przynajmniej 3 słoiki innego rodzaju dżemu?;A) 5;B) 6;C) 7;D) 8;E) 9;C;3
Sześcian o krawędzi 1 rozcięto na dwa identyczne prostopadłościany. Pole powierzchni każdego z tych prostopadłościanów jest równe;A) 2/3;B) 2.;C) 3.;D) 4.;E) 5;D;1
Kwadratowa podłoga była wyłożona dużymi, kwadratowymi płytami o jednakowych rozmiarach i bokach równoległych do krawędzi podłogi. W czasie remontu wymieniono wszystkie płyty leżące na obu przekątnych. Okazało się, że było to w sumie 9 płyt. Ile płyt pozostało niewymienionych?;A) 10;B) 12;C) 14;D) 16;E) 18;D;1
Prostokątna kartka papieru ma długość x i szerokość y, przy czym x > y. Przez zetknięcie dwóch przeciwległych brzegów tej kartki możemy uformować powierzchnię boczną walca na dwa różne sposoby. Jaki jest stosunek objętości wyższego z tych walców do objętości niższego?;A) y² : x²;B) y : x;C) 1 : 1;D) x : y;E) x²: y²;B;1
Czemu jest równe pole trójkąta o wierzchołkach (p, q), (3p, q) i (2p, 3q), gdzie p, q > 0?;A) pq/2;B) pq;C) 2pq;D) 3pq;E) 4pq;C;1
Jeżeli jednym z miejsc zerowych funkcji y = ax2 + bx + c jest liczba 2, to jednym z miejsc zerowych funkcji y = cx2 + bx + a jest liczba;A) −2.;B) 0.;C) 1;D) −1;E) 0,5;E;2
Jaką część wszystkich dzielników liczby 7! stanowią liczby nieparzyste?;A) 1/2;B) 1/3;C) 1/4;D) 1/5;E) 16;D;2
Niech A = (0, 1) ∪ (2, 3) i niech B = (1, 2) ∪ (3, 4). Zbiorem wszystkich liczb postaci a + b, gdzie a należy do zbioru A i b należy do B, jest;A) (1, 7).;B) (1, 5) ∪ (5, 7).;C) (1, 3) ∪ (3, 7).;D) (1, 3) ∪ (3, 5) ∪ (5, 7).;E) inny zbiór;D;2
Ile liczb trzycyfrowych ma tę własność, że odwracając kolejność cyfr, otrzymujemy liczbę większą o 99?;A) 8;B) 64;C) 72;D) 80;E) 81;D;2
Jeżeli p(n) oznacza iloczyn cyfr liczby naturalnej n, to p(1)+p(2)+p(3)+...+p(100) jest równe;A) 2025;B) 4500.;C) 5005.;D) 5050.;E) innej liczbie.;B;2
Suma liczb trzycyfrowych 916 i 3x3 jest liczbą czterocyfrową 12y9, przy czym 12y9 jest podzielne przez 9. Ile wynosi x + y?;A) 11;B) 9;C) 8;D) 12;E) 15;B;2
Adam ma kostkę sera w kształcie sześcianu o krawędzi 10 cm. Chciałby go tak pociąć nożem na mniejsze kawałki, aby ser zmieścił się w prostopadłościennym pojemniku z pokrywką o wewnętrznych wymiarach 11 cm × 18 cm × 7 cm (geometrycznie każde cięcie jest cięciem płaszczyzną). Jaka jest najmniejsza możliwa liczba kawałków, na które Adam powinien pociąć ser?;A) 2;B) 3;C) 4;D) 5;E) 6;A;2
Dla funkcji f określonej na liczbach naturalnych zachodzi f(x+y) = f(x)· f(y) dla wszystkich x i y oraz f(1) = 2. Jaką liczbą jest suma f(2)/f(1) + f(3)/f(2) + · · · + f(2021)/f(2020) ?;A) 0;B) 1/2;C) 2;D) 2020;E) Inną liczbą.;E;3
Dla liczby rzeczywistej k niech M(k) oznacza największą wartość wyrażenia |4x² − 4x + k| dla x z przedziału domkniętego <−1, 1>. Jaka jest najmniejsza możliwa wartość M(k)?;A) 4;B) 9/2;C) 5;D) 11/2;E) 8;B;3
Trzeci czwartek marca każdego roku jest dniem „Kangura Matematycznego”. Jeden z poniższych dni nie jest takim dniem. Który?;A) 17 marca 2022 r.;B) 16 marca 2023 r;C) 14 marca 2024 r.;D) 20 marca 2025 r;E) 19 marca 2026 r.;C;1
W zespole jazzowym Ignacy gra na saksofonie, Kajetan na trąbce, a Alicja śpiewa. Wszyscy są w tym samym wieku. W zespole tym jest jeszcze 3 innych członków. Mają odpowiednio 19, 20 i 21 lat. Ile lat ma Alicja, jeśli średni wiek wszystkich członków tego zespołu to 21 lat?;A) 20;B) 21;C) 22;D) 23;E) 24;C;1
Jeśli od pewnej liczby odejmiemy 1/10 , to otrzymamy taki sam wynik, jak gdybyśmy pomnożyli tę liczbę przez 1/10 . Co to za liczba?;A) 1/100;B) 1/11;C) 1/10;D) 11/100;E) 1/9;E;1
Tomek wypalił 10 jednakowych zimnych ogni. Najpierw zapalił pierwszy z nich i gdy jeszcze pozostała 1/10 do spalenia, zapalił następny. Każdy kolejny zapalał, gdy pozostawała 1/10 poprzedniego do spalenia. Zimne ognie palą się ze stałą prędkością na całej swojej długości i spalenie każdego z nich zajmuje 2 minuty. Ile czasu trwało wypalenie tych 10 zimnych ogni?;A) 18 min 20 sek.;B) 18 min 12 sek.;C) 18 min;D) 17 min;E) 16 min 40 sek.;B;2
Piotr wchodzi po drewnianych schodach o ośmiu stopniach. W każdym kroku pokonuje 1 lub 2 stopnie. Deska na szóstym stopniu jest złamana. Na ile sposobów Piotr może wejść na ósmy stopień?;A) 6;B) 7;C) 8;D) 9;E) 10;C;2
Pięć drużyn czeka na start w zawodach. Każda z drużyn składa się albo tylko z chłopców, albo tylko z dziewcząt. Drużyny te liczą odpowiednio: 9, 15, 17, 19 i 21 osób. Gdy wystartowała jedna z drużyn, to okazało się, że na start oczekuje 3 razy więcej dziewcząt niż chłopców. Z ilu osób składa się drużyna, która wystartowała?;A) 9;B) 15;C) 17;D) 19;E) 21;E;2
Gdy podzielimy z resztą liczbę 2021 przez którąkolwiek z liczb 6, 7, 8, 9, to otrzymamy resztę równą 5. Ile jest liczb całkowitych dodatnich mniejszych od 2021 o tej własności?;A) 4;B) 3;C) 2;D) 1;E) 0;A;2
W okręgu o promieniu 10 cm umieszczono 6 jednakowych monet stycznych do danego okręgu, przy czym każda z nich jest styczna do dwóch innych. Ile centymetrów ma promień takiej monety?;A) 5;B) 3;C) 2;D) 10/3;E) 5/2;D;2
 Jeśli a + b + c = 0 i abc = 78, to (a + b)(b + c)(c + a) =;A) −156;B) −78.;C) −39;D) 78.;E) 156.;B;3
Liczba N jest najmniejszą liczbą całkowitą dodatnią o sumie cyfr równej 2021. Ile wynosi suma cyfr liczby N + 2021?;A) 10;B) 12;C) 19;D) 28;E) 2021;A;3
"Trzech chłopców wzięło udział w grze w słowa. Każdy z nich napisał na kartce po 10 słów. Uczestnik tej gry za napisane słowo otrzymuje: 3 punkty, jeśli tego słowa nie napisał żaden z dwóch pozostałych uczestników; 1 punkt, jeśli słowo to napisał jeszcze tylko jeden z dwóch pozostałych uczestników i 0 punktów, gdy słowo to napisali wszyscy. Każdy z chłopców zdobył inną liczbę punktów. Jaś zdobył 19 punktów i była to najmniejsza liczba punktów, a Staś zdobył ich najwięcej. Ile punktów zdobył Staś?";A) 20;B) 21;C) 23;D) 24;E) 25;E;3
Liczby a i b są kwadratami liczb całkowitych. Różnica a − b jest liczbą pierwszą. Która z poniższych liczb może być liczbą b?;A) 100;B) 144;C) 256;D) 900;E) 10000;D;3
Ile jest 5-cyfrowych liczb całkowitych dodatnich o iloczynie cyfr równym 1000?;A) 10;B) 20;C) 30;D) 40;E) 60;D;3
Krystyna ma osiem monet, których wagi w gramach są różnymi liczbami całkowitymi. Gdy Krystyna położy na lewej szalce wagi dowolne dwie monety, a na prawej szalce dowolne inne dwie monety, to zawsze cięższą stroną jest ta, na której leży najcięższa z tych czterech monet. Co najmniej ile gramów waży najcięższa z tych ośmiu monet?;A) 8;B) 12;C) 34;D) 128;E) 256;C;3
Ustawiono w rzędzie, jedna za drugą, 2021 kul i ponumerowano je liczbami od 1 do 2021. Każda z kul jest zielona, czerwona, żółta albo niebieska. Wśród każdych pięciu kolejnych kul zawsze znajduje się dokładnie jedna czerwona, dokładnie jedna żółta i dokładnie jedna niebieska. Bezpośrednio za kulą czerwoną zawsze stoi kula żółta. Kule o numerach 2 i 20 są zielone. Jaki kolor ma kula o numerze 2021?;A) Zielony.;B) Czerwony.;C) Żółty.;D) Niebieski.;E) Nie da się tego ustalić.;D;3
Suma dwóch ostatnich cyfr iloczynu 1 · 2 · 3 · 4 · 5 · 4 · 3 · 2 · 1 jest równa;A) 2.;B) 4.;C) 6.;D) 8.;E) 16.;D;1
Suma pięciu liczb trzycyfrowych abc, bcd, cde, dea oraz eab wynosi 2664. Czemu jest równa suma a + b + c + d + e?;A) 4;B) 14;C) 24;D) 34;E) 44;C;1
Liczby całkowite a, b i c spełniają nierówności 1 ⩽ a ⩽ b ⩽ c. Jaka jest największa możliwa wartość b, jeśli abc = 1 000 000?;A) 100;B) 250;C) 500;D) 1000;E) 2000;D;1
(1010² + 2020² + 3030²)/ 2020 =;A) 2020;B) 3030;C) 4040;D) 6060;E) 7070;E;1
Ile kilogramów waży słoń, jeśli p psów waży k kilogramów, a s słoni waży tyle co m psów?;A) pksm;B) pk/sm;C) ks/pm;D) km/ps;E) pm/ks;D;1
Mamy dwie symetryczne kostki sześcienne. Każda z nich ma dwie ściany czerwone, dwie ściany niebieskie i dwie białe. Jakie jest prawdopodobieństwo, że przy jednoczesnym rzucie tymi kostkami na obu wypadnie ściana tego samego koloru?;A) 1/12;B) 1/9;C) 1/6;D) 2/9;E) 1/3;E;1
Na stole leży pięć monet zwróconych orłem do góry. W każdej turze odwracamy dokładnie trzy monety. Jaka jest najmniejsza liczba tur potrzebnych do odwrócenia wszystkich monet reszką ku górze?;A) 2;B) 3;C) 4;D) 5;E) Nie można odwrócić wszystkich monet.;B;2
Niech a, b i c będą liczbami całkowitymi. Która z poniższych liczb z pewnością nie może być równa (a − b)² + (b − c)² + (c − a)²?;A) 8;B) 6;C) 2;D) 1;E) 0;D;2
Dwie pierwsze od lewej cyfry pewnej liczby stucyfrowej to w kolejności 2 i 9. Ile cyfr ma kwadrat tej liczby?;A) 101;B) 199;C) 200;D) 201;E) Nie można tego określić.;B;2
Ciąg (aₙ) zadany jest warunkami a₁ = 1, a₂ = 3 oraz aₙ₊₂ = aₙ + aₙ₊₁ dla n⩾1. Ile jest liczb parzystych wśród 2020 początkowych wyrazów tego ciągu?;A) 673;B) 674;C) 1010;D) 1011;E) 1347;A;2
Pewna liczba naturalna N dzieli się przez wszystkie liczby naturalne od 2 do 11 z wyjątkiem dwóch. Która z poniższych par liczb może być tym wyjątkiem?;A) 2 i 3;B) 4 i 5;C) 6 i 7;D) 7 i 8;E) 10 i 11;D;2
Z rana, gdy Anna wybierała dwa smaki lodów, lodziarnia oferowała lody w 16 smakach. Po południu, gdy Beata wybierała trzy smaki lodów, część smaków była już wyprzedana. Okazało się, że Anna i Beata mogły wybierać z tej samej liczby kombinacji. Ile smaków zostało wyprzedanych?;A) 2;B) 3;C) 4;D) 5;E) 6;E;3
2020² − 2019² =;A) 1;B) 2019;C) 2020;D) 4039;E) 4041;D;1
Liczby widniejące w wariantach odpowiedzi ustawiamy od najmniejszej do największej. Która z nich znajdzie się w środku?;A) 1 + 2345;B) 12 + 345;C) 123 + 45;D) 1234 + 5;E) 12345;D;1
Suma czterech kolejnych liczb całkowitych jest równa 2. Najmniejszą z tych czterech liczb jest;A) −3.;B) −2.;C) −1;D) 0.;E) 1.;C;1
Zarówno zapis roku 2020 jak i zapis roku 1717 utworzony jest z liczby dwucyfrowej powtórzonej dwukrotnie. Po ilu latach od roku 2020 po raz pierwszy nastąpi rok, którego zapis ma tę własność?;A) 20;B) 101;C) 120;D) 121;E) 202;B;1
Maria miała 10 kartek. Pewne z nich były kwadratami, a pozostałe trójkątami. Rozcięła 3 kwadratowe kartki na dwie części, każdą wzdłuż przekątnej. Następnie policzyła wierzchołki wszystkich 13 kartek i otrzymała wynik 42. Ile trójkątnych kartek miała Maria na początku?;A) 8;B) 7;C) 6;D) 5;E) 4;E;1
Liczby całkowite a, b, c i d spełniają warunek ab = 2cd. Która z poniższych liczb nie może być równa iloczynowi abcd?;A) 50;B) 100;C) 200;D) 450;E) 800;B;2
Helena zamierza spędzić 18 kolejnych dni u swojej babci. Babcia właśnie czyta Helenie powieść, ale robi to zawsze we wtorki, soboty i niedziele. W którym dniu tygodnia Helena powinna rozpocząć swoją wizytę, aby w czasie jej pobytu u babci liczba dni, w które babcia czyta jej powieść, była jak największa?;A) W poniedziałek;B) We wtorek;C) W piątek.;D) W sobotę.;E) W niedzielę.;D;2
Jeden z boków trójkąta równoramiennego ma długość 20 cm, a jeden z dwóch jego pozostałych boków stanowi 2/5 drugiego. Jaki jest obwód tego trójkąta?;A) 36 cm;B) 48 cm;C) 60 cm;D) 90 cm;E) 120 cm;B;2
Maja postawiła znak mnożenia pomiędzy drugą i trzecią cyfrą liczby 2020 i zauważyła, że otrzymany iloczyn 20 · 20 jest kwadratem liczby naturalnej. Ile liczb naturalnych pomiędzy 2010 i 2099 ma taką własność (łącznie z liczbą 2020)?;A) 1;B) 2;C) 3;D) 4;E) 5;C;2
Żółw i Ślimak brali udział w wyścigu na prostoliniowej trasie długości 5 m. Żółw jest 5 razy szybszy od Ślimaka. Żółw omyłkowo wystartował w kierunku prostopadłym do trasy. Gdy spostrzegł swoją pomyłkę, skorygował kierunek biegu, kierując się prosto na metę. Żółw i Ślimak dotarli do mety w tym samym czasie. Jaki dystans pokonał Żółw od punktu, w którym skorygował kierunek biegu?;A) 11 m;B) 12 m;C) 13 m;D) 14 m;E) 15 m;C;2
Jeżeli 17x + 51y = 102, to 9x + 27y =;A) 54;B) 36.;C) 34;D) 18;E) 12.;A;2
Zapisując cyfry od 1 do 9 w losowej kolejności, otrzymujemy liczbę 9-cyfrową. Jakie jest prawdopodobieństwo, że otrzymamy liczbę podzielną przez 18?;A) 1/2;B) 4/9;C) 5/9;D) 1/3;E) 3/4;B;3
Łukasz wyruszył swoim samochodem w trasę o długości 520 km mając w 40-litrowym baku 14 litrów benzyny. Jego samochód spala 10 litrów benzyny na 100 km. Po przejechaniu 55 km przeczytał informację drogową, z której dowiedział się, w jakiej odległości znajduje się 5 kolejnych stacji benzynowych na jego trasie (innych nie ma). Odległości do nich to: 35 km, 45 km, 55 km, 75 km i 95 km. Łukasz chce przejechać całą trasę, tankując tylko raz. Na której stacji musi zatankować?;A) Odległej o 35 km;B) Odległej o 45 km;C) Odległej o 55 km;D) Odległej o 75 km;E) Odległej o 95 km.;D;3
Na stole leżą trójkąty i kwadraty. Każda z leżących figur jest albo niebieska, albo czerwona. Co więcej, każda z leżących figur jest albo duża, albo mała. Wiadomo, że: • Każda duża figura jest kwadratem. • Każda niebieska figura jest trójkątem. Które z poniższych zdań jest na pewno prawdziwe?;A) Każda czerwona figura jest kwadratem.;B) Każdy kwadrat jest dużą figurą.;C) Każda mała figura jest niebieska;D) Każdy trójkąt jest niebieski.;E) Każda niebieska figura jest małą figurą.;E;3
Z 64 identycznych małych sześcianów zbudowano duży sześcian. Chcemy tak pomalować trzy ściany dużego sześcianu, by liczba małych sześcianów z pomalowaną tylko jedną ścianą była jak największa. Jaka to liczba?;A) 27;B) 32;C) 34;D) 36;E) 48;B;3
Ania, Basia i Celina urządziły konkurs rzutów lotką do tarczy. W każdej rundzie dwie z dziewcząt rzucają na przemian lotką, aż któraś z nich uzyska lepszy wynik, a trzecia z dziewcząt czeka. Zwyciężczyni rundy mierzy się w następnej rundzie z osobą oczekującą. Ania brała udział w dziesięciu rundach, Basia w piętnastu, a Celina w siedemnastu. Która z dziewcząt przegrała drugą rundę?;A) Ania;B) Basia.;C) Celina.;D) Zarówno Ania, jak i Basia mogły przegrać drugą rundę;E) Zarówno Basia, jak i Celina mogły przegrać drugą rundę.;A;3
Każda z ośmiu kolejnych trzycyfrowych liczb naturalnych dzieli się przez swoją cyfrę jedności. Ile wynosi suma cyfr najmniejszej z tych ośmiu liczb?;A) 10;B) 11;C) 12;D) 13;E) 14;D;3
Michał zdefiniował nową operację na liczbach rzeczywistych wzorem x♦y = y − x. Jeśli dla pewnych liczb a, b i c zachodzi równość (a♦b)♦c = a♦(b♦c), to która z poniższych zależności musi dla nich zachodzić?;A) a = b;B) b = c;C) a = c;D) a = 0;E) c = 0;C;1
Ile spośród liczb od 2¹⁰ do 2¹³ włącznie jest podzielnych przez 2¹⁰?;A) 2;B) 4;C) 6;D) 8;E) 16;D;1
Największą potęgą liczby 3 dzielącą 7! + 8! + 9! Jest;A) 3²;B) 3³;C) 3⁴ ;D) 3⁵ ;E) 3⁶;D;1
W tym roku szkolnym liczba dziewcząt w naszej klasie wzrosła o 20%, a liczba chłopców zmniejszyła się o 20%. W rezultacie łączna liczba uczniów w klasie zwiększyła się o 1. Która z poniższych liczb może być aktualną liczbą uczniów w naszej klasie?;A) 22;B) 26;C) 29;D) 31;E) 34;E;2
Trójka dziwaków – Adam, Bronek i Cezary – wychodzi codziennie na spacer. Jeśli Adam nie nakłada kapelusza, to Bronek wychodzi w kapeluszu. Jeśli Bronek nie wychodzi w kapeluszu, to Cezary nakłada kapelusz. Dzisiaj Cezary nie nałożył kapelusza. Kto z całą pewnością wyszedł dzisiaj w kapeluszu?;A) Tylko Adam i Bronek.;B) Tylko Adam;C) Adam, Bronek i Cezary.;D) Ani Adam, ani Bronek.;E) Tylko Bronek.;E;2
Dodatnią liczbę całkowitą n nazywamy liczbą układną, jeśli jej największym dzielnikiem mniejszym od n jest n − 6. Ile jest liczb układnych?;A) 1;B) 2;C) 3;D) 6;E) Nieskończenie wiele.;D;2
Kazik miał dla pewnych liczb całkowitych dodatnich a, b i c obliczyć za pomocą kalkulatora wartość wyrażenia (a + b)/c . Wprowadził po kolei liczbę a, znak +, liczbę b, znak dzielenia ÷ i liczbę c, otrzymując w wyniku 11. Następnie zmienił kolejność, wprowadzając b, +, a, ÷ i c. Ku swojemu zdumieniu otrzymał tym razem wynik 14. Kazik domyślił się, że kalkulator uwzględnia kolejność działań. Jaka jest poprawna wartość (a + b)/c ?;A) 1;B) 2;C) 3;D) 4;E) 5;A;2
Dla ilu liczb całkowitych n liczba |n² − 2n − 3| jest pierwsza?;A) Dla 1.;B) Dla 2.;C) Dla 3.;D) Dla 4.;E) Dla nieskończenie wielu.;E;2
Niech a będzie sumą wszystkich dodatnich dzielników liczby 1024 i niech b będzie ich iloczynem. Wówczas;A) (a − 1)⁵ = b.;B) (a + 1)⁵ = b.;C) a⁵ = b.;D) a⁵ − 1 = b.;E) a⁵ + 1 = b.;D;3
Jaki jest zbiór wszystkich wartości parametru a, dla których równanie 2 − |x| = ax ma dokładnie dwa rozwiązania?;A) (−∞, −1>;B) (−1, 1);C) <1, +∞);D) {0};E) {−1, 1};B;3
Ile różnych płaszczyzn przechodzi przez co najmniej trzy wierzchołki ustalonego sześcianu?;A) 6;B) 8;C) 12;D) 16;E) 20;C;3
W ciągu a₁, a₂, a₃, . . . mamy a₁ = 49, natomiast dla n⩾1 wyraz aₙ₊₁ jest kwadratem liczby otrzymanej przez powiększenie sumy cyfr liczby aₙ o 1. W szczególności a₂= (4 + 9 + 1)² = 196. Ile wynosi a₂₀₁₉?;A) 25;B) 49;C) 64;D) 121;E) 400;C;3
Ze zbioru {1, 2, 3, . . . , 10} wybieramy losowo trzy liczby. Jakie jest prawdopodobieństwo, że jedna z nich jest średnią arytmetyczną dwóch pozostałych?;A) 1/10;B) 1/6;C) 1/4;D) 1/3;E) 1/2;B;3
20 · 19 + 20 + 19 =;A) 389;B) 399;C) 409;D) 419;E) 429;D;1
Model kolejki elektrycznej przejeżdża jedno okrążenie w ciągu 1 minuty i 11 sekund. Ile czasu potrzebuje ten model na przejechanie 6 okrążeń?;A) 7 minut i 36 sekund;B) 7 minut i 26 sekund;C) 7 minut i 16 sekund;D) 7 minut i 6 sekund;E) 6 minut i 56 sekund;D;1
Do parku można wejść, bądź wyjść z niego, jedną z pięciu bram. Monika chce wejść do tego parku i wyjść z niego inną bramą, niż weszła. Na ile sposobów może to zrobić?;A) 25;B) 20;C) 16;D) 15;E) 10;B;1
Ile różnych sum oczek możemy otrzymać przy jednoczesnym rzucie trzema standardowymi sześciennymi kostkami do gry?;A) 14;B) 15;C) 16;D) 17;E) 18;C;1
Przygotowujemy sok pomarańczowy, mieszając koncentrat soku z wodą w proporcji 1 : 7. Koncentrat znajduje się w litrowej butelce. Mamy pół butelki koncentratu. Jaką część posiadanego koncentratu musimy zużyć do przygotowania 2 litrów soku?;A) 1/4;B) 1/2;C) 2/7;D) 4/7;E) Cały koncentrat.;B;2
Kolejne wierzchołki kwadratu oznaczono literami A, B, C i D. Następnie skonstruowano trójkąt równoboczny AEC, wewnątrz którego leży punkt B. Ile stopni ma kąt CBE?;A) 30°;B) 45°;C) 135°;D) 145°;E) 150°;C;2
Dla każdej czwórki a, b, c, d parami różnych liczb spośród liczb naturalnych od 1 do 10 obliczamy wartość wyrażenia a/b + c/d . Najmniejsza wartość, jaką obliczymy tym sposobem, jest równa;A) 2/10 .;B) 3/19;C) 14/45 .;D) 29/90 .;E) 25/72 .;C;2
W zawodach triatlonowych zawodnik kolejno płynie, jedzie rowerem i biegnie. W pewnym triatlonie jazda na rowerze stanowi 3/4 całego dystansu, bieg stanowi 1/5 całego dystansu, a dystans do przepłynięcia to 2 km. Ile kilometrów ma cały dystans tego triatlonu?;A) 10;B) 20;C) 38;D) 40;E) 60;D;2
Suma cyfr numeru telefonicznego postaci a a a b b b b (a≠b) jest liczbą dwucyfrową ab. Ile wynosi suma a + b?;A) 8;B) 15;C) 10;D) 11;E) 12;C;2
Kolejne liczby od 1 do 99 zapisano jedna za drugą. Powstały w ten sposób ciąg cyfr podzielono na trójki cyfr (123)(456)(789)(101)(112). . .(979)(899). Która z poniższych trójek nie występuje w tym ciągu?;A) (222);B) (444);C) (464);D) (646);E) (888);B;3
Ile jest wszystkich płaszczyzn, na których leżą trzy i tylko trzy wierzchołki sześcianu?;A) 4;B) 6;C) 8;D) 12;E) 20;C;3
Na kole kręcącym się wokół swojego środka są zaznaczone dwa punkty. Jeden z nich znajduje się 3 cm dalej od środka niż drugi. Prędkość poruszania się punktu położonego dalej od środka koła jest 2,5 razy większa niż prędkość punktu położonego bliżej środka. Ile wynosi odległość od punktu położonego dalej od środka do środka tego koła?;A) 10 cm;B) 9 cm;C) 8 cm;D) 6 cm;E) 5 cm;E;3
Ile jest takich liczb trzycyfrowych a, że liczby b = 2a + 1 i c = 2b + 1 są również trzycyfrowe oraz w każdej z liczb a, b, c pierwsza i ostatnia cyfra jest taka sama?;A) 0;B) 1;C) 2;D) 3;E) Więcej niż 3.;C;3
Co najmniej ile liczb trzeba usunąć ze zbioru {10, 20, 30, 40, 50, 60, 70, 80, 90}, aby iloczyn liczb pozostałych był kwadratem liczby naturalnej?;A) 5;B) 4;C) 3;D) 2;E) 1;D;3
Ile jest liczb czterocyfrowych, takich że po usunięciu dowolnie wybranej cyfry z jej zapisu dziesiętnego otrzymamy dziesiętny zapis liczby trzycyfrowej, która dzieli wyjściową liczbę czterocyfrową?;A) 5;B) 9;C) 14;D) 19;E) 23;C;3
